{
  "manifest-bundle.zip": 1615981700068,
  "controller/NotFound.controller.js": 1615980616274,
  "model/models.js": 1615980616278,
  "model/formatter.js": 1615980616274,
  "manifest.json": 1615981700060,
  "controller/Master.controller.js": 1615980616274,
  "controller/ListSelector.js": 1615980616274,
  "controller/ErrorHandler.js": 1615980616274,
  "controller/DetailObjectNotFound.js": 1615980616274,
  "controller/DetailObjectNotFound.controller.js": 1615980616274,
  "controller/Detail.controller.js": 1615980616274,
  "controller/BaseController.js": 1615980616270,
  "controller/App.controller.js": 1615980616270,
  "Component.js": 1615980616270,
  "i18n/i18n.properties": 1615980616274,
  "Component-preload.js": 1615981700402,
  "controller/Detail-dbg.controller.js": 1615980616274,
  "model/formatter-dbg.js": 1615980616274,
  "controller/NotFound-dbg.controller.js": 1615980616274,
  "controller/Master-dbg.controller.js": 1615980616274,
  "controller/ListSelector-dbg.js": 1615980616274,
  "controller/ErrorHandler-dbg.js": 1615980616274,
  "controller/DetailObjectNotFound-dbg.js": 1615980616274,
  "controller/DetailObjectNotFound-dbg.controller.js": 1615980616274,
  "model/models-dbg.js": 1615980616278,
  "controller/BaseController-dbg.js": 1615980616270,
  "controller/App-dbg.controller.js": 1615980616270,
  "Component-dbg.js": 1615980616270,
  "view/ViewSettingsDialog.fragment.xml": 1615980616290,
  "view/NotFound.view.xml": 1615980616290,
  "view/Master.view.xml": 1615980616290,
  "view/DetailObjectNotFound.view.xml": 1615980616290,
  "view/Detail.view.xml": 1615980616290,
  "view/App.view.xml": 1615980616286,
  "test.html": 1615980616286,
  "index.html": 1615980616274
}